Identificador,Data de envio (dd/mm/aaaa),Hor√°rio de envio,Dia da semana,Nome do email,Assunto,Leads selecionados,Descartados,Entregues,Bounce (√∫nicos),Aberturas (√∫nicas),Cliques (√∫nicos),Descadastrados,Marcados como spam,Taxa de entrega,Taxa de abertura,Taxa de clique (CTR),Taxa de spam,Tipo de email,Nome do remetente,Email do remetente,Segmenta√ß√µes de envio,Segmenta√ß√µes exclu√≠das,N√≠veis de engajamento - Leads engajados,N√≠veis de engajamento - Leads desengajados,N√≠veis de engajamento - Leads indeterminados
18219897,19/09/2025,15:10,Sexta-feira,Educa√ß√£o | NPS L√°pis Raro - M√≥dulo 2,"*|PRIMEIRO_NOME|*, chegou a hora de avaliar o M√≥dulo 2.",42,0,42,0,19,1,0,0,100.0,45.24,2.38,0.0,Email Marketing,Equipe Classplay,classplay@templo.cc,[RD] L√°pis Raro - Alunos,"",Sim,Sim,Sim
18189861,19/09/2025,11:00,Sexta-feira,Classplay | L√°pis Raro - √â HOJE! Q&A do M√≥dulo 2,"*|PRIMEIRO_NOME|*, sua aula √© hoje. Voc√™ vem?",42,0,42,0,23,1,0,0,100.0,54.76,2.38,0.0,Email Marketing,Equipe Classplay,classplay@templo.cc,[RD] L√°pis Raro - Alunos,"",Sim,Sim,Sim
18189629,18/09/2025,16:00,Quinta-feira,Classplay | L√°pis Raro - √â AMANH√É! Q&A do M√≥dulo 2,"*|PRIMEIRO_NOME|*, sua aula √© amanh√£, confira mais informa√ß√µes.",42,0,42,0,27,1,0,0,100.0,64.29,2.38,0.0,Email Marketing,Equipe Classplay,classplay@templo.cc,[RD] L√°pis Raro - Alunos,"",Sim,Sim,Sim
18212951,18/09/2025,15:05,Quinta-feira,Classplay | Acesso Normalizado | Todos os projetos ativos,"*|PRIMEIRO_NOME|*, o acesso ao Classplay foi normalizado.",202,0,202,0,69,13,0,0,100.0,34.16,6.44,0.0,Email Marketing,Equipe Classplay,classplay@templo.cc,"CEMIG | Base de Alunos | Atualizada, [RD] L√°pis Raro - Alunos, Classplay | Onboarding - Professores 080825, Classplay | FCA - Alunos 080825, Classplay | Brasas | Acesso","",Sim,Sim,Sim
18207636,17/09/2025,18:30,Quarta-feira,[Newsletter] Semana 3/4 - Setembro 2025,Resumo executivo - as not√≠cias de IA da semana,4164,0,4125,39,943,18,5,0,99.06,22.86,0.44,0.0,Email Marketing,News do Templo,comunidade@templo.cc,"Grupo Estudos | TI - Todos MQL's, Grupo Estudos | Marketing - Todos MQL's, Grupo Estudos | RH - Todos MQL's, [News] Assinantes (Total)","[Leads] Bounces, [Exclus√£o] Hard Bounce",Sim,Sim,Sim
18204027,17/09/2025,12:10,Quarta-feira,Classplay | Instabilidade | Todos os projetos ativos,"*|PRIMEIRO_NOME|*, o Classplay est√° fora do ar para atualiza√ß√£o.",202,0,202,0,77,0,0,0,100.0,38.12,0.0,0.0,Email Marketing,Equipe Classplay,classplay@templo.cc,"CEMIG | Base de Alunos | Atualizada, [RD] L√°pis Raro - Alunos, Classplay | Onboarding - Professores 080825, Classplay | FCA - Alunos 080825, Classplay | Brasas | Acesso","",Sim,Sim,Sim
18152729,17/09/2025,09:00,Quarta-feira,Classplay | BRASAS - √â HOJE! Aula 2 do M√≥dulo 2,*|PRIMEIRO_NOME|* √â HOJE! Aula 2 do M√≥dulo 2 √†s 10h!,22,0,22,0,14,0,0,0,100.0,63.64,0.0,0.0,Email Marketing,Educa√ß√£o Templo,classplay@templo.cc,Classplay | Brasas | Acesso,"",Sim,Sim,Sim
18199668,17/09/2025,08:30,Quarta-feira,Classplay | CEMIG- √â HOJE! Aula 2 do M√≥dulo 1,"*|PRIMEIRO_NOME|*, sua aula √© hoje, esperamos voc√™.",62,0,62,0,4,12,0,0,100.0,6.45,19.35,0.0,Email Marketing,Equipe Classplay,classplay@templo.cc,CEMIG | Base de Alunos,"",Sim,Sim,Sim
18198530,16/09/2025,17:30,Ter√ßa-feira,Classplay | CEMIG- √â AMANH√É! Aula 2 do M√≥dulo 1,"‚è∞ √â AMANH√É! Aula 2 do M√≥dulo 1, voc√™ vem?",62,0,62,0,0,7,0,0,100.0,0.0,11.29,0.0,Email Marketing,Equipe Classplay,classplay@templo.cc,CEMIG | Base de Alunos,"",Sim,Sim,Sim
18199796,16/09/2025,17:25,Ter√ßa-feira,Educa√ß√£o | Forma√ß√£o de Professores 2025.2 - Aprovados (Terceira leva),"*|PRIMEIRO_NOME|*, sua vaga est√° confirmada ‚Äì pr√≥ximos passos.",1,0,1,0,1,1,0,0,100.0,100.0,100.0,0.0,Email Marketing,Templo Educa√ß√£o,educacao@templo.cc,Forma√ß√£o de Professores 2025.2 | Selecionados | Terceira leva,"",Sim,Sim,Sim
18152693,16/09/2025,16:00,Ter√ßa-feira,Classplay | BRASAS - √â AMANH√É! Aula 2 do M√≥dulo 2,"*|PRIMEIRO_NOME|*, √â AMANH√É! Aula 2 do M√≥dulo 2 √†s 10h, voc√™ vem?",22,0,22,0,15,2,0,0,100.0,68.18,9.09,0.0,Email Marketing,Educa√ß√£o Templo,classplay@templo.cc,Classplay | Brasas | Acesso,"",Sim,Sim,Sim
18190993,16/09/2025,11:00,Ter√ßa-feira,Educa√ß√£o | Forma√ß√£o de Professores 2025.2 - Altera√ß√£o Aula Inaugural,"*|PRIMEIRO_NOME|*, a abertura da Forma√ß√£o mudou de data. ",69,0,68,1,58,11,0,0,98.55,85.29,16.18,0.0,Email Marketing,Templo Educa√ß√£o,educacao@templo.cc,"Forma√ß√£o de Professores 2025.2 | Selecionados Atualizado, Forma√ß√£o de Professores 2025.2 | Selecionados | Segunda leva","",Sim,Sim,Sim
18152545,15/09/2025,09:00,Segunda-feira,Classplay | BRASAS - √â HOJE! Aula 1 do M√≥dulo 2,*|PRIMEIRO_NOME|* √â HOJE! Aula 1 do M√≥dulo 2 √†s 10h!,22,0,22,0,20,0,0,0,100.0,90.91,0.0,0.0,Email Marketing,Educa√ß√£o Templo,classplay@templo.cc,Classplay | Brasas | Acesso,"",Sim,Sim,Sim
18178968,12/09/2025,17:20,Sexta-feira,Grupo de Estudos | Marketing 7¬∞ Edi√ß√£o - P√≥s Grava√ß√£o,Grupo de Estudos Marketing + IA - Grava√ß√£o 7¬∞ Edi√ß√£o e Convite para o grupo de especialistas,808,0,803,5,246,22,4,0,99.38,30.64,2.74,0.0,Email Marketing,Marcello do Templo,comunidade@templo.cc,Grupo Estudos | Marketing - Todos MQL's,"[Leads] Bounces, [Exclus√£o] Hard Bounce",Sim,Sim,Sim
18141043,12/09/2025,16:00,Sexta-feira,Classplay | BRASAS - √â SEGUNDA! Aula 1 do M√≥dulo 2,"*|PRIMEIRO_NOME|*, √â SEGUNDA! Aula 1 do M√≥dulo 2 √†s 10h, voc√™ vem?",22,0,22,0,18,0,0,0,100.0,81.82,0.0,0.0,Email Marketing,Educa√ß√£o Templo,classplay@templo.cc,Classplay | Brasas | Acesso,"",Sim,Sim,Sim
18174845,12/09/2025,11:52,Sexta-feira,Educa√ß√£o | Forma√ß√£o de Professores 2025.2 - Aprovados (Segunda leva),"*|PRIMEIRO_NOME|*, sua vaga est√° confirmada ‚Äì pr√≥ximos passos.",3,0,3,0,3,3,0,0,100.0,100.0,100.0,0.0,Email Marketing,Templo Educa√ß√£o,educacao@templo.cc,Forma√ß√£o de Professores 2025.2 | Selecionados | Segunda leva,"",Sim,Sim,Sim
18169745,11/09/2025,18:00,Quinta-feira,Educa√ß√£o | Forma√ß√£o de Professores 2025.2 - Aprovados,"*|PRIMEIRO_NOME|*, sua vaga est√° confirmada ‚Äì pr√≥ximos passos.",66,0,65,1,55,51,0,0,98.48,84.62,78.46,0.0,Email Marketing,Templo Educa√ß√£o,educacao@templo.cc,Forma√ß√£o de Professores 2025.2 | Selecionados Atualizado,"",Sim,Sim,Sim
18170858,11/09/2025,18:00,Quinta-feira,Educa√ß√£o | Forma√ß√£o de Professores 2025.2 - Reprovados,"*|PRIMEIRO_NOME|*, informa√ß√µes sobre a Forma√ß√£o de Facilitadores(as) Templo.",4,0,4,0,4,0,0,0,100.0,100.0,0.0,0.0,Email Marketing,Templo Educa√ß√£o,educacao@templo.cc,Forma√ß√£o de Professores 2025.2 | N√£o Selecionados,"",Sim,Sim,Sim
18153836,10/09/2025,18:30,Quarta-feira,[Newsletter] Rh - Setembro,News Templo - not√≠cias de IA para Recursos Humanos,4630,0,4479,151,973,41,11,0,96.74,21.72,0.92,0.0,Email Marketing,News do Templo,comunidade@templo.cc,[Newsletter] Rh,"[Leads] Bounces, [Exclus√£o] Hard Bounce",Sim,Sim,Sim
18159157,10/09/2025,18:00,Quarta-feira,[Newsletter] Marketing - Setembro,News Templo - not√≠cias de IA para Marketing,2635,0,2559,76,730,27,2,0,97.12,28.53,1.06,0.0,Email Marketing,News do Templo,comunidade@templo.cc,[Newsletter] Marketing,"[Leads] Bounces, [Exclus√£o] Hard Bounce",Sim,Sim,Sim
18112084,10/09/2025,14:00,Quarta-feira,Classplay | Acesso | FCA e Professores | Novidade LLMs," *|PRIMEIRO_NOME|*, chegou uma atualiza√ß√£o no Classplay para voc√™.",77,0,76,1,34,7,0,0,98.7,44.74,9.21,0.0,Email Marketing,Equipe Classplay,classplay@templo.cc,"Classplay | Onboarding - Professores 080825, Classplay | FCA - Alunos 080825",[Exclus√£o] Hard Bounce,Sim,Sim,Sim
18158336,10/09/2025,13:20,Quarta-feira,Grupo Estudos | Marketing 7¬∞ Edi√ß√£o - MQL's Edi√ß√µes Anteriores 2,Participe da 7¬∞ Edi√ß√£o Grupo de Estudos IA + Marketing e Ganhe Acesso Exclusivo ao Classplay,662,0,655,7,186,8,1,0,98.94,28.4,1.22,0.0,Email Marketing,Templo,comunidade@templo.cc,Grupo Estudos | Marketing - Todos MQL's,"[Leads] Bounces, [Exclus√£o] Hard Bounce, Grupo Estudos | Marketing - Edi√ß√£o 7 - MQL's",Sim,Sim,Sim
18152050,10/09/2025,10:00,Quarta-feira,Educa√ß√£o | NPS BRASAS - M√≥dulo 1 | Lembrete 2,"Conta pra gente, *|PRIMEIRO_NOME|* - leva menos de 1 minuto!",15,0,15,0,12,1,0,0,100.0,80.0,6.67,0.0,Email Marketing,Equipe Classplay,classplay@templo.cc,Educa√ß√£o | NPS BRASAS - M√≥dulo 1 | N√£o Responderam,"",Sim,Sim,Sim
18154055,09/09/2025,19:00,Ter√ßa-feira,[Newsletter] Semana 2/4 - Setembro 2025,Resumo executivo - as not√≠cias de IA da semana,4153,0,4110,43,1008,22,6,0,98.96,24.53,0.54,0.0,Email Marketing,News do Templo,comunidade@templo.cc,"Grupo Estudos | TI - Todos MQL's, Grupo Estudos | Marketing - Todos MQL's, Grupo Estudos | RH - Todos MQL's, [News] Assinantes (Total)","[Leads] Bounces, [Exclus√£o] Hard Bounce",Sim,Sim,Sim
18151839,09/09/2025,15:20,Ter√ßa-feira,Educa√ß√£o | NPS L√°pis Raro - M√≥dulo 1,"*|PRIMEIRO_NOME|*, queremos ouvir voc√™: A IA aprende com feedback. E a gente tamb√©m!",42,0,42,0,30,9,0,0,100.0,71.43,21.43,0.0,Email Marketing,Equipe Classplay,classplay@templo.cc,[RD] L√°pis Raro - Alunos,"",Sim,Sim,Sim
18138844,08/09/2025,17:00,Segunda-feira,Educa√ß√£o | NPS BRASAS - M√≥dulo 1,"*|PRIMEIRO_NOME|*, queremos ouvir voc√™: A IA aprende com feedback. E a gente tamb√©m!",22,0,22,0,20,9,0,0,100.0,90.91,40.91,0.0,Email Marketing,Equipe Classplay,classplay@templo.cc,Classplay | Brasas | Acesso,"",Sim,Sim,Sim
18134839,08/09/2025,08:00,Segunda-feira,Classplay | BRASAS - √â HOJE! Q&A do M√≥dulo 1,*|PRIMEIRO_NOME|* √© HOJE! Q&A do M√≥dulo 1 √†s 10h!,22,0,22,0,18,0,0,0,100.0,81.82,0.0,0.0,Email Marketing,Educa√ß√£o Templo,classplay@templo.cc,Classplay | Brasas | Acesso,"",Sim,Sim,Sim
18134197,05/09/2025,17:30,Sexta-feira,Educa√ß√£o | Forma√ß√£o de Professores 2025.2 - Agendamento de bancas #2,Forma√ß√£o de Facilitadores TEMPLO - Pr√≥xima etapa desbloqueada: agende a apresenta√ß√£o para a banca ‚è∞,36,0,36,0,26,9,0,0,100.0,72.22,25.0,0.0,Email Marketing,Templo Educa√ß√£o,educacao@templo.cc,Forma√ß√£o de Professores 2025.2 | Grupo 18 | Indicados N√£o Inscritos,"",Sim,Sim,Sim
18134750,05/09/2025,17:21,Sexta-feira,Classplay | BRASAS - √â SEGUNDA! Q&A do M√≥dulo 1,"‚è∞ √â SEGUNDA! Q&A do M√≥dulo 1 √†s 10h, voc√™ vem?",22,0,22,0,16,7,0,0,100.0,72.73,31.82,0.0,Email Marketing,Educa√ß√£o Templo,classplay@templo.cc,Classplay | Brasas | Acesso,"",Sim,Sim,Sim
18109830,04/09/2025,18:30,Quinta-feira,Educa√ß√£o | Forma√ß√£o de Professores 2025.2 - Lembrete Banca Grupo 17,"*|PRIMEIRO_NOME|*, sua banca come√ßa em 1h ‚Äî acesse o link e revise os pontos essenciais",5,0,5,0,4,1,0,0,100.0,80.0,20.0,0.0,Email Marketing,Templo Educa√ß√£o,educacao@templo.cc,Forma√ß√£o de Professores 2025.2 | Grupo 17 | Banca,"",Sim,Sim,Sim
18126577,04/09/2025,18:00,Quinta-feira,Grupo Estudos Rh 11 Edi√ß√£o | Email P√≥s Grava√ß√£o,Grupo de Estudos RH + IA - Materiais prometidos e convite para o grupo de especialistas,2005,0,1975,30,426,47,2,0,98.5,21.57,2.38,0.0,Email Marketing,Equipe Templo,comunidade@templo.cc,Grupo Estudos | RH - Todos MQL's,"[Leads] Bounces, [Exclus√£o] Hard Bounce",Sim,Sim,Sim
18109810,04/09/2025,18:00,Quinta-feira,Educa√ß√£o | Forma√ß√£o de Professores 2025.2 - Lembrete Banca Grupo 16,"*|PRIMEIRO_NOME|*, sua banca come√ßa em 1h ‚Äî acesse o link e revise os pontos essenciais",5,0,5,0,4,2,0,0,100.0,80.0,40.0,0.0,Email Marketing,Templo Educa√ß√£o,educacao@templo.cc,Forma√ß√£o de Professores 2025.2 | Grupo 16 | Banca,"",Sim,Sim,Sim
18109794,04/09/2025,17:30,Quinta-feira,Educa√ß√£o | Forma√ß√£o de Professores 2025.2 - Lembrete Banca Grupo 15,"*|PRIMEIRO_NOME|*, sua banca come√ßa em 1h ‚Äî acesse o link e revise os pontos essenciais",5,0,5,0,5,0,0,0,100.0,100.0,0.0,0.0,Email Marketing,Templo Educa√ß√£o,educacao@templo.cc,Forma√ß√£o de Professores 2025.2 | Grupo 15 | Banca,"",Sim,Sim,Sim
18109749,04/09/2025,17:00,Quinta-feira,Educa√ß√£o | Forma√ß√£o de Professores 2025.2 - Lembrete Banca Grupo 14,"*|PRIMEIRO_NOME|*, sua banca come√ßa em 1h ‚Äî acesse o link e revise os pontos essenciais",5,0,5,0,5,4,0,0,100.0,100.0,80.0,0.0,Email Marketing,Templo Educa√ß√£o,educacao@templo.cc,Forma√ß√£o de Professores 2025.2 | Grupo 14 | Banca,"",Sim,Sim,Sim
18109733,04/09/2025,16:30,Quinta-feira,Educa√ß√£o | Forma√ß√£o de Professores 2025.2 - Lembrete Banca Grupo 13,"*|PRIMEIRO_NOME|*, sua banca come√ßa em 1h ‚Äî acesse o link e revise os pontos essenciais",5,0,5,0,4,3,0,0,100.0,80.0,60.0,0.0,Email Marketing,Templo Educa√ß√£o,educacao@templo.cc,Forma√ß√£o de Professores 2025.2 | Grupo 13 | Banca,"",Sim,Sim,Sim
18116428,03/09/2025,19:00,Quarta-feira,[Newsletter] Semana 1/4 - Setembro 2025,Resumo executivo - as not√≠cias de IA da semana,4149,0,4051,98,1075,19,7,1,97.64,26.54,0.47,0.02,Email Marketing,News do Templo,comunidade@templo.cc,"Grupo Estudos | TI - Todos MQL's, Grupo Estudos | Marketing - Todos MQL's, Grupo Estudos | RH - Todos MQL's, [News] Assinantes (Total)","[Leads] Bounces, [Exclus√£o] Hard Bounce",Sim,Sim,Sim
18108196,03/09/2025,13:00,Quarta-feira,Grupo Estudos | Marketing 7¬∞ Edi√ß√£o - Altera√ß√£o de data,[DATA ALTERADA] Grupo de Estudos IA + Marketing e Acesso Exclusivo ao Classplay,59,0,57,2,20,0,1,0,96.61,35.09,0.0,0.0,Email Marketing,Templo,comunidade@templo.cc,"Grupo Estudos | Marketing - Edi√ß√£o 7 - MQL's Site, Grupo Estudos | Marketing - Edi√ß√£o 7 - MQL's Novos","[Leads] Bounces, [Exclus√£o] Hard Bounce",Sim,Sim,Sim
18109723,03/09/2025,11:00,Quarta-feira,Educa√ß√£o | Forma√ß√£o de Professores 2025.2 - Lembrete Banca Grupo 12,"*|PRIMEIRO_NOME|*, sua banca come√ßa em 1h ‚Äî acesse o link e revise os pontos essenciais",4,0,4,0,3,2,0,0,100.0,75.0,50.0,0.0,Email Marketing,Templo Educa√ß√£o,educacao@templo.cc,Forma√ß√£o de Professores 2025.2 | Grupo 12 | Banca,"",Sim,Sim,Sim
18109708,03/09/2025,10:30,Quarta-feira,Educa√ß√£o | Forma√ß√£o de Professores 2025.2 - Lembrete Banca Grupo 11,"*|PRIMEIRO_NOME|*, sua banca come√ßa em 1h ‚Äî acesse o link e revise os pontos essenciais",4,0,4,0,4,2,0,0,100.0,100.0,50.0,0.0,Email Marketing,Templo Educa√ß√£o,educacao@templo.cc,Forma√ß√£o de Professores 2025.2 | Grupo 11 | Banca,"",Sim,Sim,Sim
18109694,03/09/2025,10:00,Quarta-feira,Educa√ß√£o | Forma√ß√£o de Professores 2025.2 - Lembrete Banca Grupo 10,"*|PRIMEIRO_NOME|*, sua banca come√ßa em 1h ‚Äî acesse o link e revise os pontos essenciais",5,0,5,0,4,3,0,0,100.0,80.0,60.0,0.0,Email Marketing,Templo Educa√ß√£o,educacao@templo.cc,Forma√ß√£o de Professores 2025.2 | Grupo 10 | Banca,"",Sim,Sim,Sim
18109678,03/09/2025,09:30,Quarta-feira,Educa√ß√£o | Forma√ß√£o de Professores 2025.2 - Lembrete Banca Grupo 9,"*|PRIMEIRO_NOME|*, sua banca come√ßa em 1h ‚Äî acesse o link e revise os pontos essenciais",5,0,5,0,4,3,0,0,100.0,80.0,60.0,0.0,Email Marketing,Templo Educa√ß√£o,educacao@templo.cc,Forma√ß√£o de Professores 2025.2 | Grupo 9 | Banca,"",Sim,Sim,Sim
18109643,03/09/2025,09:00,Quarta-feira,Educa√ß√£o | Forma√ß√£o de Professores 2025.2 - Lembrete Banca Grupo 8,"*|PRIMEIRO_NOME|*, sua banca come√ßa em 1h ‚Äî acesse o link e revise os pontos essenciais",5,0,5,0,5,1,0,0,100.0,100.0,20.0,0.0,Email Marketing,Templo Educa√ß√£o,educacao@templo.cc,Forma√ß√£o de Professores 2025.2 | Grupo 8 | Banca,"",Sim,Sim,Sim
18108986,03/09/2025,08:30,Quarta-feira,Classplay | BRASAS - √â HOJE! Aula 2 do M√≥dulo 1,"üö®  √â HOJE! Aula 2 do M√≥dulo 1 √†s 10h, est√° preparado?",22,0,22,0,18,4,0,0,100.0,81.82,18.18,0.0,Email Marketing,Educa√ß√£o Templo,classplay@templo.cc,Classplay | Brasas | Acesso,"",Sim,Sim,Sim
18107562,02/09/2025,18:30,Ter√ßa-feira,Educa√ß√£o | Forma√ß√£o de Professores 2025.2 - Lembrete Banca Grupo 7,"*|PRIMEIRO_NOME|*, sua banca come√ßa em 1h ‚Äî acesse o link e revise os pontos essenciais",4,0,4,0,3,0,0,0,100.0,75.0,0.0,0.0,Email Marketing,Templo Educa√ß√£o,educacao@templo.cc,Forma√ß√£o de Professores 2025.2 | Grupo 7 | Banca,"",Sim,Sim,Sim
18108963,02/09/2025,18:01,Ter√ßa-feira,Classplay | BRASAS - √â AMANH√É! Aula 2 do M√≥dulo 1,"‚è∞ √â AMANH√É! Aula 2 do M√≥dulo 1 √†s 10h, voc√™ vem?",22,0,22,0,17,5,0,0,100.0,77.27,22.73,0.0,Email Marketing,Educa√ß√£o Templo,classplay@templo.cc,Classplay | Brasas | Acesso,"",Sim,Sim,Sim
18107545,02/09/2025,18:00,Ter√ßa-feira,Educa√ß√£o | Forma√ß√£o de Professores 2025.2 - Lembrete Banca Grupo 6,"*|PRIMEIRO_NOME|*, sua banca come√ßa em 1h ‚Äî acesse o link e revise os pontos essenciais",1,0,1,0,1,0,0,0,100.0,100.0,0.0,0.0,Email Marketing,Templo Educa√ß√£o,educacao@templo.cc,Forma√ß√£o de Professores 2025.2 | Grupo 6 | Banca,"",Sim,Sim,Sim
18107519,02/09/2025,17:00,Ter√ßa-feira,Educa√ß√£o | Forma√ß√£o de Professores 2025.2 - Lembrete Banca Grupo 5,"*|PRIMEIRO_NOME|*, sua banca come√ßa em 1h ‚Äî acesse o link e revise os pontos essenciais",1,0,1,0,1,0,0,0,100.0,100.0,0.0,0.0,Email Marketing,Templo Educa√ß√£o,educacao@templo.cc,Forma√ß√£o de Professores 2025.2 | Grupo 5 | Banca,"",Sim,Sim,Sim
18107455,02/09/2025,15:30,Ter√ßa-feira,Educa√ß√£o | Forma√ß√£o de Professores 2025.2 - Lembrete Banca Grupo 4,"*|PRIMEIRO_NOME|*, sua banca come√ßa em 1h ‚Äî acesse o link e revise os pontos essenciais",1,0,1,0,0,0,0,0,100.0,0.0,0.0,0.0,Email Marketing,Templo Educa√ß√£o,educacao@templo.cc,Forma√ß√£o de Professores 2025.2 | Grupo 4 | Banca,"",Sim,Sim,Sim
18107403,02/09/2025,15:04,Ter√ßa-feira,Educa√ß√£o | Forma√ß√£o de Professores 2025.2 - Lembrete Banca Grupo 3,"*|PRIMEIRO_NOME|*, sua banca come√ßa √†s 16h ‚Äî acesse o link e revise os pontos essenciais",3,0,3,0,3,2,0,0,100.0,100.0,66.67,0.0,Email Marketing,Templo Educa√ß√£o,educacao@templo.cc,Forma√ß√£o de Professores 2025.2 | Grupo 3 | Banca,"",Sim,Sim,Sim
18106510,02/09/2025,14:30,Ter√ßa-feira,Educa√ß√£o | Forma√ß√£o de Professores 2025.2 - Lembrete Banca Grupo 2,"*|PRIMEIRO_NOME|*, sua banca come√ßa em 1h ‚Äî acesse o link e revise os pontos essenciais",3,0,3,0,3,2,0,0,100.0,100.0,66.67,0.0,Email Marketing,Templo Educa√ß√£o,educacao@templo.cc,Forma√ß√£o de Professores 2025.2 | Grupo 2 | Banca,"",Sim,Sim,Sim
18105266,02/09/2025,14:05,Ter√ßa-feira,Educa√ß√£o | Forma√ß√£o de Professores 2025.2 - Lembrete Banca Grupo 1,"*|PRIMEIRO_NOME|*, sua banca come√ßa √†s 15h ‚Äî acesse o link e revise os pontos essenciais",3,0,3,0,3,1,0,0,100.0,100.0,33.33,0.0,Email Marketing,Templo Educa√ß√£o,educacao@templo.cc,Forma√ß√£o de Professores 2025.2 | Grupo 1 | Banca,"",Sim,Sim,Sim
18099360,01/09/2025,16:10,Segunda-feira,Educa√ß√£o | Forma√ß√£o de Professores 2025.2 - Agendamento de bancas (luciano.duro@univates.br),Forma√ß√£o de Facilitadores TEMPLO - Pr√≥xima etapa desbloqueada: agende a apresenta√ß√£o para a banca ‚è∞,1,0,1,0,1,1,0,0,100.0,100.0,100.0,0.0,Email Marketing,Templo Educa√ß√£o,educacao@templo.cc,Forma√ß√£o de Professores RD | Luciano ,"",Sim,Sim,Sim
18099271,01/09/2025,16:00,Segunda-feira,Educa√ß√£o | Forma√ß√£o de Professores 2025.2 - Lembrete agendamento de bancas #2,Forma√ß√£o de Facilitadores TEMPLO: Agende sua banca e garanta sua participa√ß√£o‚è∞,2,0,2,0,1,0,0,0,100.0,50.0,0.0,0.0,Email Marketing,Templo Educa√ß√£o,educacao@templo.cc,Educa√ß√£o | Forma√ß√£o de Professores | N√£o receberam email de lembrete,"",Sim,Sim,Sim
18096012,01/09/2025,12:27,Segunda-feira,Educa√ß√£o | Forma√ß√£o de Professores 2025.2 - Lembrete agendamento de bancas,Forma√ß√£o de Facilitadores TEMPLO: Agende sua banca e garanta sua participa√ß√£o‚è∞,88,0,88,0,79,49,0,0,100.0,89.77,55.68,0.0,Email Marketing,Templo Educa√ß√£o,educacao@templo.cc,Forma√ß√£o de Professores 2025.2 - Selecionados V1,"",Sim,Sim,Sim
18092965,01/09/2025,08:30,Segunda-feira,Classplay | BRASAS - √â HOJE! Aula 1 do M√≥dulo 1,"üö®  √â HOJE! Aula 1 do M√≥dulo 1 √†s 10h, est√° preparado?",22,0,22,0,20,7,0,0,100.0,90.91,31.82,0.0,Email Marketing,Educa√ß√£o Templo,classplay@templo.cc,Classplay | Brasas | Acesso,"",Sim,Sim,Sim
18090396,29/08/2025,17:44,Sexta-feira,Educa√ß√£o | Forma√ß√£o de Professores 2025.2 - Agendamento de bancas,Forma√ß√£o de Facilitadores TEMPLO - Pr√≥xima etapa desbloqueada: agende a apresenta√ß√£o para a banca ‚è∞,88,0,88,0,79,59,0,0,100.0,89.77,67.05,0.0,Email Marketing,Templo Educa√ß√£o,educacao@templo.cc,Forma√ß√£o de Professores 2025.2 - Selecionados V1,"",Sim,Sim,Sim
18071062,27/08/2025,19:00,Quarta-feira,[Newsletter] Semana 4/4 - Agosto 2025,Resumo executivo - as not√≠cias de IA da semana,3968,1,3886,81,990,19,5,0,97.96,25.48,0.49,0.0,Email Marketing,News do Templo,comunidade@templo.cc,"Grupo Estudos | TI - Todos MQL's, Grupo Estudos | Marketing - Todos MQL's, Grupo Estudos | RH - Todos MQL's, [News] Assinantes (Total)","[Leads] Bounces, [Exclus√£o] Hard Bounce",Sim,Sim,Sim
18073960,27/08/2025,18:50,Quarta-feira,Grupo Estudos | Marketing 7¬∞ Edi√ß√£o - MQL's Edi√ß√µes Anteriores,Participe da 7¬∞ Edi√ß√£o Grupo de Estudos IA + Marketing e Ganhe Acesso Exclusivo ao Classplay,688,0,674,14,207,17,1,0,97.97,30.71,2.52,0.0,Email Marketing,Templo,comunidade@templo.cc,Grupo Estudos | Marketing - Todos MQL's,"[Leads] Bounces, [Exclus√£o] Hard Bounce, Grupo Estudos | Marketing - Edi√ß√£o 7 - MQL's",Sim,Sim,Sim
18073850,27/08/2025,18:40,Quarta-feira,Grupo Estudos | RH 11¬∞ Edi√ß√£o - MQL's Edi√ß√µes Anteriores,Participe da 11¬™ Edi√ß√£o IA + RH e Ganhe Acesso Exclusivo ao Classplay,1683,0,1643,40,337,36,0,0,97.62,20.51,2.19,0.0,Email Marketing,Templo,comunidade@templo.cc,Grupo Estudos | RH - Todos MQL's,"[Leads] Bounces, [Exclus√£o] Hard Bounce, Grupo Estudos | RH - Edi√ß√£o 11 - MQL's",Sim,Sim,Sim
18059837,26/08/2025,15:33,Ter√ßa-feira,Classplay | BRASAS - Envio Playlist M√≥dulo 1,"*|PRIMEIRO_NOME|*, sua primeira playlist j√° est√° dispon√≠vel! ",22,0,22,0,20,16,0,0,100.0,90.91,72.73,0.0,Email Marketing,Classplay Templo,classplay@templo.cc,Classplay | Brasas | Acesso,"",Sim,Sim,Sim
18056745,25/08/2025,19:18,Segunda-feira,Classplay | Brasas | Onboarding | Acesso ," *|PRIMEIRO_NOME|*, sua jornada come√ßa aqui! ",23,0,22,1,18,14,0,0,95.65,81.82,63.64,0.0,Email Marketing,Equipe Classplay,classplay@templo.cc,Classplay | Brasas | Acesso,[Exclus√£o] Hard Bounce,Sim,Sim,Sim
18051979,25/08/2025,12:53,Segunda-feira, Classplay | Free Trial - Acesso 25082025," *|PRIMEIRO_NOME|*, o seu acesso ao Classplay est√° ATIVO por 30 dias! Experimente! ",1,0,1,0,0,0,0,0,100.0,0.0,0.0,0.0,Email Marketing,Equipe Classplay,classplay@templo.cc,Classplay | Free Trial | 25082025,[Exclus√£o] Hard Bounce,Sim,Sim,Sim
18045851,22/08/2025,18:58,Sexta-feira,Educa√ß√£o | Forma√ß√£o Professores 2025.2 - N√ÉO Selecionados,Obrigado por se inscrever na Forma√ß√£o de Facilitadores Templo,33,0,33,0,24,0,0,0,100.0,72.73,0.0,0.0,Email Marketing,Templo Educa√ß√£o,educacao@templo.cc,Forma√ß√£o de Professores 2025.2 - N√ÉO Selecionados V1,"",Sim,Sim,Sim
18045641,22/08/2025,17:30,Sexta-feira,Educa√ß√£o | Forma√ß√£o Professores 2025.2 - Selecionados,Boas-vindas √† Forma√ß√£o de Professores TEMPLO ‚Äì Confirma√ß√£o da Inscri√ß√£o  ,88,0,88,0,72,5,0,0,100.0,81.82,5.68,0.0,Email Marketing,Templo Educa√ß√£o,educacao@templo.cc,Forma√ß√£o de Professores 2025.2 - Selecionados V1,"",Sim,Sim,Sim
18042139,22/08/2025,13:07,Sexta-feira,Classplay | L√°pis Raro | Onboarding | Acesso ," *|PRIMEIRO_NOME|*, sua jornada come√ßa aqui! ",42,0,42,0,26,16,0,0,100.0,61.9,38.1,0.0,Email Marketing,Equipe Classplay,comunidade@templo.cc,[RD] L√°pis Raro - Alunos,[Exclus√£o] Hard Bounce,Sim,Sim,Sim
18024611,20/08/2025,19:00,Quarta-feira,[Newsletter] Semana 3/4 - Agosto 2025,Resumo executivo - as not√≠cias de IA da semana,3839,1,3779,59,957,22,5,0,98.46,25.32,0.58,0.0,Email Marketing,News do Templo,comunidade@templo.cc,"Grupo Estudos | TI - Todos MQL's, Grupo Estudos | Marketing - Todos MQL's, Grupo Estudos | RH - Todos MQL's, [News] Assinantes (Total)","[Leads] Bounces, [Exclus√£o] Hard Bounce",Sim,Sim,Sim
18028734,20/08/2025,17:15,Quarta-feira,Classplay | Free Trial - Acesso2 20082025," *|PRIMEIRO_NOME|*, o seu acesso ao Classplay est√° ATIVO por 30 dias! Experimente! ",2,0,2,0,1,1,0,0,100.0,50.0,50.0,0.0,Email Marketing,Equipe Classplay,classplay@templo.cc,Classplay | Free Trial - Acesso2 20082025,[Exclus√£o] Hard Bounce,Sim,Sim,Sim
18022610,20/08/2025,09:30,Quarta-feira,Classplay | Free Trial - Acesso 20082025," *|PRIMEIRO_NOME|*, o seu acesso ao Classplay est√° ATIVO por 30 dias! Experimente! ",1,0,1,0,1,0,0,0,100.0,100.0,0.0,0.0,Email Marketing,Equipe Classplay,classplay@templo.cc,Classplay | Free Trial | Acesso 20082025,[Exclus√£o] Hard Bounce,Sim,Sim,Sim
